86500184,Estimator,1
49031685,Construction Worker,2
39176702,Construction Foreman,3
15102412,Surveyor,1
54140558,Construction Worker,2
19941978,Engineer,3
84015832,Surveyor,1
68374102,Subcontractor,2
76134237,Subcontractor,3
51840502,Construction Manager,1
40108576,Electrician,2
63098542,Construction Foreman,3
17389842,Construction Manager,1
99751782,Supervisor,2
91816856,Project Manager,3
47580505,Estimator,1
89296464,Project Manager,2
28885329,Construction Expeditor,3
40303146,Construction Foreman,1
70187219,Supervisor,2
11890038,Supervisor,3
88580001,Engineer,1
97352826,Surveyor,2
27676287,Supervisor,3
35055150,Construction Foreman,1
21670673,Estimator,2
15758327,Supervisor,3
45308374,Project Manager,1
87056920,Construction Worker,2
34558917,Supervisor,3
55511118,Construction Expeditor,1
74437403,Estimator,2
85884614,Surveyor,3
86475183,Construction Foreman,1
17458977,Project Manager,2
71308034,Electrician,3
37630513,Subcontractor,1
95127944,Subcontractor,2
68070506,Construction Manager,3
97357858,Engineer,1
18596231,Architect,2
16500968,Surveyor,3
99952581,Architect,1
86103265,Architect,2
51437592,Surveyor,3
25093469,Engineer,1
80757179,Estimator,2
26836014,Construction Expeditor,3
45439637,Estimator,1
22839429,Construction Expeditor,2
59605016,Estimator,3
75293264,Engineer,1
85059145,Engineer,2
36183145,Electrician,3
30409310,Surveyor,1
39454031,Surveyor,2
47556328,Architect,3
71196719,Subcontractor,1
58008736,Estimator,2
18038046,Subcontractor,3
97357487,Supervisor,1
59422134,Construction Manager,2
84435734,Estimator,3
33886505,Subcontractor,1
68754358,Engineer,2
96111549,Construction Foreman,3
23399014,Architect,1
96371050,Surveyor,2
84110108,Construction Expeditor,3
42799561,Architect,1
79251924,Estimator,2
47209241,Architect,3
43652560,Supervisor,1
44143955,Surveyor,2
64748285,Architect,3
55162847,Electrician,1
97283608,Estimator,2
17579512,Electrician,3
33722854,Project Manager,1
97711803,Construction Expeditor,2
50888601,Architect,3
67099924,Construction Manager,1
26146043,Construction Foreman,2
80525008,Estimator,3
57781364,Architect,1
15056409,Surveyor,2
54381830,Construction Expeditor,3
73170787,Construction Expeditor,1
87856324,Surveyor,2
15465678,Construction Expeditor,3
44715016,Architect,1
36879606,Construction Manager,2
33051796,Construction Foreman,3
92219402,Construction Worker,1
99956885,Supervisor,2
22570173,Estimator,3
51151485,Subcontractor,1
53458893,Construction Expeditor,2
80563664,Estimator,3
21705079,Supervisor,1
91008618,Estimator,2
56986394,Construction Worker,3
53645884,Estimator,1
87789277,Subcontractor,2
34500310,Construction Foreman,3
86606659,Supervisor,1
14812317,Supervisor,2
85499536,Electrician,3
62822651,Electrician,1
60695617,Project Manager,2
29128611,Subcontractor,3
82556340,Supervisor,1
37302545,Supervisor,2
46034974,Engineer,3
83826797,Construction Manager,1
71483569,Architect,2
12464520,Construction Manager,3
84102576,Project Manager,1
31768719,Estimator,2
15795142,Construction Foreman,3
88140382,Construction Expeditor,1
86069202,Subcontractor,2
28623364,Construction Foreman,3
70339740,Architect,1
57395407,Estimator,2
86631496,Construction Expeditor,3
10229892,Construction Manager,1
68638080,Construction Manager,2
23918269,Construction Worker,3
60811727,Subcontractor,1
97958698,Engineer,2
72732025,Construction Manager,3
80398069,Electrician,1
88229052,Construction Foreman,2
60698190,Engineer,3
64567458,Architect,1
94592852,Construction Worker,2
58246592,Construction Foreman,3
69028690,Estimator,1
15095817,Supervisor,2
50997871,Subcontractor,3
32304219,Estimator,1
88161643,Architect,2
54024492,Electrician,3
42241511,Construction Foreman,1
10517972,Architect,2
99060116,Subcontractor,3
73742266,Project Manager,1
39526782,Estimator,2
12976292,Construction Manager,3
85792432,Estimator,1
28585542,Construction Manager,2
61128456,Supervisor,3
25629762,Architect,1
70319535,Construction Foreman,2
63955867,Engineer,3
83333197,Construction Expeditor,1
43118687,Surveyor,2
16047595,Construction Foreman,3
25184738,Project Manager,1
63782105,Engineer,2
62985572,Estimator,3
33611672,Construction Worker,1
24930489,Project Manager,2
31860738,Architect,3
81932502,Construction Foreman,1
49850374,Project Manager,2
29330799,Project Manager,3
14547011,Construction Worker,1
65196768,Subcontractor,2
50096130,Surveyor,3
62762677,Project Manager,1
80525638,Subcontractor,2
39527568,Estimator,3
94102494,Engineer,1
99772546,Project Manager,2
34378641,Supervisor,3
56276170,Architect,1
62057827,Construction Expeditor,2
69175789,Engineer,3
24602591,Construction Foreman,1
96336785,Architect,2
29900150,Construction Worker,3
97949111,Estimator,1
78754136,Construction Foreman,2
30088193,Supervisor,3
90244870,Supervisor,1
36288063,Construction Expeditor,2
59381863,Construction Expeditor,3
15707179,Architect,1
95019273,Electrician,2
18585305,Construction Worker,3
61798064,Construction Foreman,1
83938131,Architect,2
66845087,Project Manager,3
68175443,Project Manager,1
26923890,Construction Worker,2
60134819,Engineer,3
12105682,Architect,1
57390598,Subcontractor,2
94884474,Construction Expeditor,3
96703447,Estimator,1
35693411,Construction Foreman,2
66306611,Electrician,3
11735666,Surveyor,1
68480998,Estimator,2
90917918,Project Manager,3
42796848,Construction Expeditor,1
22433391,Supervisor,2
41554548,Supervisor,3
98884146,Project Manager,1
29482292,Subcontractor,2
43843566,Construction Manager,3
20130323,Project Manager,1
10669006,Project Manager,2
29765687,Architect,3
90207321,Construction Expeditor,1
81020540,Estimator,2
70491237,Estimator,3
16375738,Construction Manager,1
76851451,Project Manager,2
37841938,Electrician,3
23481865,Project Manager,1
43675213,Construction Foreman,2
78211425,Architect,3
26075093,Electrician,1
12700065,Electrician,2
92933103,Construction Worker,3
57168180,Supervisor,1
40949420,Supervisor,2
30110304,Construction Foreman,3
48562704,Construction Foreman,1
89392586,Estimator,2
99505584,Electrician,3
31130700,Subcontractor,1
77470737,Construction Foreman,2
78886217,Electrician,3
93108724,Construction Manager,1
23427627,Estimator,2
93347731,Electrician,3
42839133,Project Manager,1
16338823,Construction Worker,2
55766394,Construction Foreman,3
27646090,Engineer,1
14399184,Construction Worker,2
11245535,Construction Expeditor,3
84528670,Supervisor,1
33550983,Engineer,2
22768323,Engineer,3
46525611,Construction Expeditor,1
75717544,Surveyor,2
95791989,Project Manager,3
79077888,Construction Worker,1
37445789,Engineer,2
91331180,Construction Manager,3
77250253,Electrician,1
55595435,Project Manager,2
53777115,Construction Manager,3
35100995,Architect,1
81327594,Construction Foreman,2
15823312,Construction Worker,3
34207807,Engineer,1
94589996,Construction Foreman,2
60437550,Surveyor,3
47556041,Project Manager,1
60491288,Supervisor,2
96920877,Construction Expeditor,3
64408327,Subcontractor,1
78503585,Supervisor,2
85453082,Construction Worker,3
87296954,Construction Foreman,2
76950216,Construction Expeditor,3
64740970,Electrician,1
50767913,Engineer,2
63268840,Construction Foreman,3
10560388,Engineer,1
65681050,Electrician,2
80735548,Surveyor,3
98426088,Electrician,1
13152344,Construction Expeditor,2
98492919,Engineer,3
94620753,Surveyor,1
89997559,Subcontractor,2
70188799,Construction Foreman,3
45101021,Project Manager,1
48832561,Estimator,2
87849883,Surveyor,3
21626419,Architect,1
99973263,Project Manager,2
75004141,Electrician,3
48456160,Estimator,1
88610781,Architect,2
51739735,Estimator,3
69310477,Project Manager,1
51205454,Estimator,2
22443595,Surveyor,3
67277890,Construction Manager,1
31100234,Construction Expeditor,2
49548784,Project Manager,3
64873346,Engineer,1
62644413,Construction Worker,2
35054700,Engineer,3
17662427,Engineer,1
65652043,Engineer,2
33385847,Surveyor,3
19932083,Subcontractor,1
34591211,Engineer,2
24651350,Construction Expeditor,3
89298549,Construction Expeditor,1
27372262,Construction Expeditor,2
84444551,Estimator,3
83727251,Supervisor,1
42952353,Construction Worker,2
21305317,Construction Manager,3
70133990,Subcontractor,1
37727710,Construction Worker,2
94312417,Engineer,3
98085646,Architect,1
51446848,Electrician,2
20103183,Estimator,3
85699567,Architect,1
49375887,Engineer,2
87999814,Subcontractor,3
53070630,Estimator,1
84463640,Supervisor,2
55761636,Construction Foreman,3
97793575,Subcontractor,1
84566787,Construction Foreman,2
58780624,Construction Worker,3
30648056,Supervisor,1
74814295,Electrician,2
28622561,Estimator,3
12125558,Subcontractor,1
17474359,Estimator,2
63364948,Project Manager,3
80159489,Construction Manager,1
67590562,Surveyor,2
35894610,Construction Expeditor,3
43221315,Estimator,1
16525291,Engineer,2
55653828,Estimator,3
76864981,Construction Worker,1
86547698,Supervisor,2
79284361,Architect,3
27365382,Architect,1
42121376,Engineer,2
50974690,Construction Expeditor,3
95188436,Subcontractor,1
77671746,Engineer,2
57056715,Construction Manager,3
67450909,Electrician,1
31293757,Engineer,2
36084540,Construction Foreman,3
30901535,Architect,1
94917080,Construction Manager,2
49110766,Construction Manager,3
49586173,Project Manager,1
64850199,Subcontractor,2
82771789,Subcontractor,3
45033846,Surveyor,1
56330392,Electrician,2
98851296,Estimator,3
45230112,Supervisor,1
42483442,Architect,2
57695034,Surveyor,3
41712345,Project Manager,1
52952836,Construction Manager,2
79403112,Construction Worker,3
88898986,Project Manager,1
43019097,Architect,2
87852283,Construction Manager,3
31299305,Construction Foreman,1
73742913,Supervisor,2
64815801,Construction Expeditor,3
43265273,Engineer,1
57831251,Electrician,2
35061202,Engineer,3
71013512,Construction Foreman,1
27981613,Subcontractor,2
59786494,Construction Manager,3
87502735,Construction Worker,1
76872521,Engineer,2
35607383,Construction Manager,3
72258030,Construction Foreman,1
97847151,Architect,2
41448515,Supervisor,3
34077216,Construction Foreman,1
25184450,Project Manager,2
94040170,Project Manager,3
46152870,Project Manager,1
82994540,Construction Expeditor,2
28634997,Subcontractor,3
30702059,Estimator,1
91414995,Supervisor,2
12166622,Project Manager,3
87067013,Construction Manager,1
94400241,Electrician,2
83787880,Supervisor,3
82963135,Engineer,1
25237889,Construction Manager,2
60962968,Architect,3
37030881,Supervisor,1
59896148,Supervisor,2
43379228,Construction Foreman,3
58650216,Construction Worker,1
41659932,Subcontractor,2
96046973,Construction Foreman,3
99347020,Electrician,1
28975385,Construction Expeditor,2
47838637,Subcontractor,3
89970821,Construction Worker,1
83848799,Construction Foreman,2
20979983,Architect,3
40819902,Construction Manager,1
89132774,Architect,2
97061012,Construction Foreman,3
78763740,Engineer,1
79717646,Construction Manager,2
27293492,Electrician,3
33960263,Architect,1
90079894,Architect,2
92762633,Construction Expeditor,3
96418858,Subcontractor,1
30704412,Subcontractor,2
24861575,Surveyor,3
85894728,Project Manager,1
87660700,Surveyor,2
82326537,Subcontractor,3
26190808,Project Manager,1
12731362,Construction Foreman,2
57249615,Subcontractor,3
17762206,Construction Foreman,1
57809256,Construction Foreman,2
43388874,Engineer,3
56029237,Engineer,1
60445581,Construction Manager,2
93660654,Estimator,3
24047260,Supervisor,1
71916239,Construction Manager,2
82437814,Project Manager,3
79656311,Subcontractor,1
81132061,Construction Foreman,2
97998065,Estimator,3
38685826,Engineer,1
61322925,Construction Manager,2
33681544,Project Manager,3
11893576,Construction Expeditor,1
42536545,Architect,2
27360290,Estimator,3
50859905,Engineer,1
93093260,Construction Expeditor,2
39754236,Surveyor,3
84658883,Construction Manager,1
49772217,Electrician,2
49064229,Construction Manager,3
66257319,Architect,1
99513455,Supervisor,2
29227718,Construction Foreman,3
72183957,Project Manager,1
78145184,Architect,2
25041862,Construction Foreman,3
35546341,Construction Expeditor,1
75028256,Construction Expeditor,2
86031186,Construction Manager,3
11969630,Estimator,1
76226064,Architect,2
79199001,Construction Manager,3
29581960,Surveyor,1
43898731,Architect,2
52360472,Electrician,3
54707458,Engineer,1
65079388,Estimator,2
51824918,Architect,3
73538796,Estimator,1
13875598,Construction Foreman,2
83312308,Construction Expeditor,3
38096203,Estimator,1
26828164,Project Manager,2
33040854,Subcontractor,3
35167132,Engineer,1
20258003,Construction Expeditor,2
43633057,Architect,3
20389366,Construction Foreman,1
12930736,Surveyor,2
86336441,Supervisor,3
92526257,Estimator,1
35052019,Estimator,2
78728620,Estimator,3
70823705,Project Manager,1
94317336,Surveyor,2
91660390,Electrician,3
97613825,Estimator,1
39124955,Construction Foreman,2
64295767,Construction Worker,3
10918660,Construction Worker,1
33573190,Construction Worker,2
16994131,Supervisor,3
36028511,Surveyor,1
16309617,Architect,2
78188044,Construction Manager,3
56356632,Project Manager,1
23147864,Supervisor,2
74730822,Estimator,3
76820906,Project Manager,1
23737182,Construction Foreman,2
40154702,Subcontractor,3
28605471,Construction Expeditor,1
84327441,Supervisor,2
18598763,Project Manager,3
76547773,Project Manager,1
37666268,Surveyor,2
16608844,Construction Foreman,3
61251240,Subcontractor,1
42398804,Subcontractor,2
84427329,Surveyor,3
20055374,Construction Manager,1
52242937,Architect,2
34420206,Subcontractor,3
26688208,Construction Foreman,1
38191771,Construction Expeditor,2
95335511,Estimator,3
76979986,Electrician,1
92341928,Project Manager,2
38687234,Electrician,3
60570547,Subcontractor,1
44705218,Supervisor,2
75938441,Architect,3
77946972,Supervisor,1
27579517,Electrician,2
62460653,Subcontractor,3
61344833,Project Manager,1
43295849,Construction Expeditor,2
54527346,Architect,3
80239261,Surveyor,1
25095881,Construction Foreman,2
90496282,Electrician,3
40517621,Construction Expeditor,1
94920138,Construction Manager,2
46513736,Construction Expeditor,3
85871862,Supervisor,1
66098101,Estimator,2
67500429,Supervisor,3
39659362,Electrician,1
80410699,Subcontractor,2
88833175,Supervisor,3
47820992,Construction Worker,1
43370464,Project Manager,2
60250307,Construction Worker,3
71707159,Supervisor,1
71899280,Construction Manager,2
32069992,Construction Expeditor,3
41830429,Supervisor,1
28580218,Project Manager,2
73420459,Construction Foreman,3
17011455,Project Manager,1
71503252,Project Manager,2
92284963,Project Manager,3
55704659,Surveyor,1
83352751,Construction Expeditor,2
94364982,Architect,3
23054943,Estimator,1
36142542,Engineer,2
59107332,Architect,3
88918387,Surveyor,1
36453923,Construction Expeditor,2
63678112,Surveyor,3
41040932,Construction Expeditor,1
64068922,Engineer,2
62069394,Construction Manager,3
39527757,Construction Foreman,1
75624159,Surveyor,2
34250425,Construction Foreman,3
11437110,Construction Expeditor,1
32157929,Engineer,2
86791946,Supervisor,3
53510241,Estimator,1
66215873,Surveyor,2
72412691,Subcontractor,3
25488908,Construction Expeditor,1
36866982,Architect,2
94329895,Construction Foreman,3
52450939,Construction Expeditor,1
66733341,Engineer,2
72885166,Project Manager,3
35605482,Supervisor,1
18148819,Project Manager,2
10458284,Supervisor,3
72994373,Supervisor,1
73756957,Project Manager,2
93918992,Electrician,3
38800706,Engineer,1
73391828,Estimator,2
79693644,Construction Manager,3
47740614,Supervisor,1
57063397,Engineer,2
46992528,Construction Worker,3
32048034,Engineer,1
61440311,Construction Foreman,2
91033713,Construction Expeditor,3
28014485,Project Manager,1
39721301,Estimator,2
39389582,Architect,3
35662376,Estimator,1
78391260,Construction Foreman,2
39171217,Estimator,3
29242503,Engineer,1
37499796,Construction Expeditor,2
24901990,Construction Expeditor,3
82404555,Construction Foreman,1
74155072,Engineer,2
56601965,Architect,3
20806678,Architect,1
69944043,Surveyor,2
42694797,Architect,3
34842142,Construction Worker,1
51279157,Estimator,2
43711062,Estimator,3
99537669,Engineer,1
88457422,Construction Manager,2
55855778,Estimator,3
29807062,Construction Expeditor,1
79714939,Supervisor,2
34733651,Surveyor,3
49612317,Architect,1
88338478,Construction Foreman,2
73772630,Electrician,3
61702223,Construction Worker,1
44443358,Subcontractor,2
39409551,Architect,3
66973682,Construction Manager,1
79978643,Construction Expeditor,2
93278866,Supervisor,3
76174376,Electrician,1
73790778,Electrician,2
37281656,Construction Foreman,3
31283725,Electrician,1
75308881,Supervisor,2
69157958,Estimator,3
24403349,Construction Foreman,1
86563584,Estimator,2
95087831,Architect,3
18197361,Construction Foreman,1
36504274,Project Manager,2
46887640,Estimator,3
71733479,Surveyor,1
62403637,Project Manager,2
58672171,Construction Expeditor,3
41033079,Architect,1
54346768,Project Manager,2
56443459,Project Manager,3
11189329,Architect,1
50881221,Engineer,2
27926510,Construction Foreman,3
30815566,Subcontractor,1
86912960,Surveyor,2
38077053,Construction Expeditor,3
46956954,Subcontractor,1
98006861,Project Manager,2
14927346,Construction Manager,3
85663491,Construction Expeditor,1
49803361,Construction Manager,2
26247282,Electrician,3
54989001,Subcontractor,1
80622487,Construction Worker,2
92964561,Subcontractor,3
37593062,Electrician,1
63854300,Construction Expeditor,2
42715206,Construction Expeditor,3
98878408,Construction Expeditor,1
47037183,Estimator,2
65161646,Supervisor,3
29515137,Engineer,1
76077905,Engineer,2
56223990,Surveyor,3
26507608,Construction Foreman,1
19549971,Architect,2
98818306,Project Manager,3
76981457,Supervisor,1
53525868,Construction Foreman,2
63510903,Supervisor,3
87629906,Project Manager,1
58437322,Construction Worker,2
71758174,Construction Expeditor,3
28169602,Surveyor,1
89354877,Subcontractor,2
98082006,Supervisor,3
76329205,Project Manager,1
81529385,Engineer,2
69786455,Construction Manager,3
50252380,Construction Worker,1
35667923,Supervisor,2
20700389,Construction Expeditor,3
12582290,Electrician,1
78730263,Project Manager,2
67568364,Subcontractor,3
79577196,Supervisor,1
42692674,Engineer,2
93378856,Surveyor,3
16046707,Engineer,1
53434158,Estimator,2
77615003,Construction Manager,3
36689538,Subcontractor,1
42881214,Electrician,2
13511923,Estimator,3
83839063,Electrician,1
86973733,Construction Expeditor,2
47487872,Architect,3
79699008,Surveyor,1
84542534,Supervisor,2
29101958,Estimator,3
73747582,Project Manager,1
76822251,Supervisor,2
10687240,Architect,3
37408251,Subcontractor,1
38818872,Construction Manager,2
37491423,Construction Worker,3
46450527,Estimator,1
70933254,Architect,2
32752949,Estimator,3
83665668,Construction Worker,1
72938897,Construction Foreman,2
12317799,Construction Foreman,3
23250093,Construction Worker,1
22937303,Engineer,2
31792144,Supervisor,3
21614241,Construction Manager,1
38420853,Construction Foreman,2
58245468,Construction Expeditor,3
39574981,Subcontractor,1
61467009,Subcontractor,2
79724208,Estimator,3
26146109,Construction Worker,1
76734137,Estimator,2
82104487,Subcontractor,3
70257880,Supervisor,1
40331741,Project Manager,2
59292350,Construction Worker,3
96015072,Supervisor,1
20313955,Electrician,2
41472801,Supervisor,3
72720332,Engineer,1
27935364,Architect,2
56201591,Electrician,3
50291884,Project Manager,1
20319452,Electrician,2
16733885,Engineer,3
93534097,Estimator,1
12498405,Architect,2
41954911,Surveyor,3
26218777,Subcontractor,1
64214311,Construction Foreman,2
10192559,Construction Foreman,3
41214548,Supervisor,1
73933199,Construction Expeditor,2
12491518,Engineer,3
66250865,Subcontractor,1
75403993,Estimator,2
11619609,Subcontractor,3
12200598,Construction Worker,1
30578965,Surveyor,2
31228739,Construction Foreman,3
94227113,Construction Manager,1
65951177,Construction Foreman,2
84903396,Architect,3
92775689,Estimator,1
69091542,Engineer,2
70641419,Estimator,3
49982020,Engineer,1
60316942,Construction Expeditor,2
85192975,Construction Manager,3
31316246,Construction Manager,1
41773052,Subcontractor,2
61947970,Estimator,3
86964658,Project Manager,1
10917954,Construction Expeditor,2
83275532,Construction Expeditor,3
47715223,Architect,1
64862004,Engineer,2
53970002,Construction Worker,3
24716872,Construction Foreman,1
27878082,Surveyor,2
26535591,Surveyor,3
44057262,Electrician,1
27406589,Construction Manager,2
16564509,Estimator,3
26882971,Engineer,1
97616395,Construction Manager,2
60243344,Engineer,3
86078591,Architect,1
54201429,Engineer,2
72628665,Architect,3
46236243,Subcontractor,1
84454997,Estimator,2
25172338,Electrician,3
84495737,Supervisor,1
65007549,Supervisor,2
98453772,Electrician,3
71183367,Architect,1
72431173,Estimator,2
88256769,Surveyor,3
39196097,Construction Worker,1
75135337,Surveyor,2
63714171,Surveyor,3
41278808,Subcontractor,1
12800292,Surveyor,2
51058479,Construction Manager,3
20935174,Project Manager,1
43377223,Electrician,2
54046553,Estimator,3
12882980,Architect,1
95544418,Surveyor,2
56023142,Engineer,3
27508720,Surveyor,1
97359361,Construction Expeditor,2
39175571,Surveyor,3
63425276,Project Manager,1
19983081,Construction Worker,2
20081226,Engineer,3
29990023,Supervisor,1
26080439,Subcontractor,2
26627004,Electrician,3
86890022,Construction Worker,1
31424411,Estimator,2
93096138,Surveyor,3
58652959,Construction Manager,1
56255093,Engineer,2
22830210,Electrician,3
56421144,Construction Worker,1
44328990,Construction Expeditor,2
45369271,Subcontractor,3
31197642,Subcontractor,1
24983434,Construction Expeditor,2
62957819,Supervisor,3
53383459,Project Manager,1
74527674,Engineer,2
56864582,Construction Worker,3
66815140,Subcontractor,1
15921187,Engineer,2
98505757,Electrician,3
98767133,Construction Foreman,1
74301172,Electrician,2
68390328,Project Manager,3
24741030,Construction Expeditor,1
53438817,Supervisor,2
61497002,Surveyor,3
59116687,Electrician,1
45583742,Surveyor,2
62046804,Project Manager,3
82249609,Supervisor,1
31553203,Estimator,2
92217845,Architect,3
98259926,Surveyor,1
46220622,Construction Foreman,2
30576152,Engineer,3
50113410,Subcontractor,1
44187234,Construction Foreman,2
41790175,Construction Manager,3
28047746,Engineer,1
57720525,Surveyor,2
68269570,Architect,3
16767926,Construction Expeditor,1
90114677,Construction Expeditor,2
39131008,Supervisor,3
81992924,Electrician,1
33596775,Electrician,2
93694285,Construction Manager,3
23418136,Estimator,1
90839100,Subcontractor,2
20929677,Construction Worker,3
96979057,Surveyor,1
59342909,Project Manager,2
83218760,Electrician,3
22107236,Subcontractor,1
54841445,Construction Worker,2
59785421,Supervisor,3
82854965,Construction Foreman,1
22106731,Architect,2
93992871,Surveyor,3
53334183,Engineer,1
79235424,Architect,2
75623297,Estimator,3
74602484,Surveyor,1
91986179,Engineer,2
90551843,Construction Foreman,3
55717900,Construction Expeditor,1
35143904,Supervisor,2
54647225,Surveyor,3
45091668,Subcontractor,1
69655319,Estimator,2
22682378,Project Manager,3
29994622,Construction Worker,1
75860360,Project Manager,2
55824660,Construction Manager,3
73478683,Supervisor,1
45740405,Construction Worker,2
35029740,Supervisor,3
86358476,Construction Worker,1
20908577,Subcontractor,2
29473746,Project Manager,3
86227179,Surveyor,1
99600146,Architect,2
62661592,Construction Manager,3
53840781,Subcontractor,1
82653245,Subcontractor,2
76041012,Architect,3
35501442,Engineer,1
40600124,Supervisor,2
61731895,Subcontractor,3
90320905,Architect,1
62621423,Architect,2
77760136,Surveyor,3
89472618,Construction Worker,1
72566116,Construction Foreman,2
91627754,Architect,3
88821580,Construction Worker,1
55591851,Surveyor,2
36555041,Subcontractor,3
99510018,Subcontractor,1
85770296,Engineer,2
88275756,Estimator,3
41003472,Estimator,1
79313202,Subcontractor,2
40802198,Construction Manager,3
19590592,Construction Manager,1
64511352,Construction Expeditor,2
58339024,Engineer,3
42254707,Engineer,1
33944957,Engineer,2
66192524,Electrician,3
27156717,Construction Manager,1
38839560,Estimator,2
51244600,Surveyor,3
67880219,Construction Manager,1
93334973,Electrician,2
88443509,Estimator,3
48516727,Architect,1
73988106,Supervisor,2
95783672,Engineer,3
10427194,Construction Expeditor,1
96212500,Architect,2
88319962,Estimator,3
66368152,Construction Foreman,1
14083531,Architect,2
43775723,Electrician,3
55483277,Engineer,1
72900782,Construction Manager,2
78829996,Surveyor,3
24237946,Surveyor,1
70237693,Project Manager,2
25209495,Surveyor,3
28940241,Engineer,1
98886401,Architect,2
29639435,Subcontractor,3
80339736,Subcontractor,1
44183252,Construction Foreman,2
81970424,Construction Foreman,3
82603589,Construction Manager,1
82456853,Surveyor,2
14013832,Construction Worker,3
92223381,Estimator,1
53703516,Surveyor,2
35783502,Subcontractor,3
31870777,Construction Foreman,1
21740798,Supervisor,2
39099416,Construction Expeditor,3
67260762,Construction Expeditor,1
45417906,Subcontractor,2
36956148,Construction Expeditor,3
43246871,Construction Expeditor,1
90584189,Surveyor,2
19785447,Construction Foreman,3
12867815,Electrician,1
62007555,Architect,2
47190579,Construction Manager,3
75195376,Engineer,1
87471066,Construction Worker,2
99023849,Construction Expeditor,3
10041023,Architect,1
15351047,Construction Expeditor,2
14480857,Estimator,3
66760900,Construction Foreman,1
72463812,Construction Expeditor,2
24939058,Construction Worker,3
46859095,Construction Expeditor,1
72684967,Project Manager,2
31924905,Engineer,3
31070403,Supervisor,1
55373277,Supervisor,2
63265092,Construction Worker,3
24660685,Construction Expeditor,1
83131706,Subcontractor,2
74991788,Construction Worker,3
17546102,Construction Foreman,1
11066180,Construction Manager,2
46060206,Supervisor,3
33411103,Engineer,1
13973500,Electrician,2
78168575,Supervisor,3
71290792,Engineer,1
